{
  "baseline": {
    "retrieval_metrics": {
      "precision": 0.5555555555555556,
      "recall": 0.5555555555555556,
      "mrr": 0.5555555555555556,
      "ndcg": 0.5555555555555556,
      "f1": 0.5555555555555556,
      "map": 0.5555555555555556
    },
    "routing_accuracy": 0.0,
    "total_queries": 9
  },
  "improved": {
    "retrieval_metrics": {
      "precision": 1.0,
      "recall": 1.0,
      "mrr": 1.0,
      "ndcg": 1.0,
      "f1": 1.0,
      "map": 1.0
    },
    "routing_accuracy": 1.0,
    "total_queries": 9
  },
  "improvement_pct": {
    "precision": 80.0,
    "recall": 80.0,
    "mrr": 80.0
  }
}