{
  "3": {
    "precision": 0.38095238095238093,
    "recall": 0.9285714285714286,
    "mrr": 1.0,
    "ndcg": 0.9447353132522084,
    "f1": 0.5285714285714286,
    "map": 0.9489795918367346
  },
  "5": {
    "precision": 0.22857142857142856,
    "recall": 0.9285714285714286,
    "mrr": 1.0,
    "ndcg": 0.9447353132522084,
    "f1": 0.3605442176870749,
    "map": 0.9489795918367346
  },
  "10": {
    "precision": 0.12857142857142856,
    "recall": 1.0,
    "mrr": 1.0,
    "ndcg": 0.9739327986219921,
    "f1": 0.22510822510822512,
    "map": 0.9489795918367346
  }
}